config,weighted_f1,macro_f1
"{'text_max_len': 20, 'char_max_len': 100, 'word_char_max_len': 20, 'n_units': 128, 'emb_dim': 128, 'n_layers': 2, 'epochs': 500, 'learning_rate': 0.001, 'model_name': 'Transformer', 'loss': 'ce', 'use_features': True}",0.9146261704345103,0.91068734536238
"{'text_max_len': 20, 'char_max_len': 100, 'word_char_max_len': 20, 'n_units': 128, 'emb_dim': 128, 'n_layers': 2, 'epochs': 500, 'learning_rate': 0.001, 'model_name': 'Transformer', 'loss': 'ce', 'use_features': False}",0.9290061215814176,0.9263219031137766
"{'text_max_len': 20, 'char_max_len': 100, 'word_char_max_len': 20, 'n_units': 128, 'emb_dim': 128, 'n_layers': 2, 'epochs': 500, 'learning_rate': 0.001, 'model_name': 'Transformer', 'loss': 'focal', 'use_features': True}",0.9285563579192389,0.9254595819692772
"{'text_max_len': 20, 'char_max_len': 100, 'word_char_max_len': 20, 'n_units': 128, 'emb_dim': 128, 'n_layers': 2, 'epochs': 500, 'learning_rate': 0.001, 'model_name': 'Transformer', 'loss': 'focal', 'use_features': False}",0.9250865085599653,0.9217871727119866
"{'text_max_len': 20, 'char_max_len': 100, 'word_char_max_len': 20, 'n_units': 128, 'emb_dim': 128, 'n_layers': 2, 'epochs': 500, 'learning_rate': 0.001, 'model_name': 'CS_ELMO_without_words', 'loss': 'ce', 'use_features': True}",0.9254633609042292,0.9224909541039802
"{'text_max_len': 20, 'char_max_len': 100, 'word_char_max_len': 20, 'n_units': 128, 'emb_dim': 128, 'n_layers': 2, 'epochs': 500, 'learning_rate': 0.001, 'model_name': 'CS_ELMO_without_words', 'loss': 'ce', 'use_features': False}",0.922682139795491,0.9202875642511736
"{'text_max_len': 20, 'char_max_len': 100, 'word_char_max_len': 20, 'n_units': 128, 'emb_dim': 128, 'n_layers': 2, 'epochs': 500, 'learning_rate': 0.001, 'model_name': 'CS_ELMO_without_words', 'loss': 'focal', 'use_features': True}",0.9357674433355683,0.9333388647219885
"{'text_max_len': 20, 'char_max_len': 100, 'word_char_max_len': 20, 'n_units': 128, 'emb_dim': 128, 'n_layers': 2, 'epochs': 500, 'learning_rate': 0.001, 'model_name': 'CS_ELMO_without_words', 'loss': 'focal', 'use_features': False}",0.8875250796648178,0.8824930527987296
"{'text_max_len': 20, 'char_max_len': 100, 'word_char_max_len': 20, 'n_units': 128, 'emb_dim': 128, 'n_layers': 2, 'epochs': 500, 'learning_rate': 0.001, 'model_name': 'HAN', 'loss': 'ce', 'use_features': True}",0.9258577401596055,0.9233088373845864
"{'text_max_len': 20, 'char_max_len': 100, 'word_char_max_len': 20, 'n_units': 128, 'emb_dim': 128, 'n_layers': 2, 'epochs': 500, 'learning_rate': 0.001, 'model_name': 'HAN', 'loss': 'ce', 'use_features': False}",0.9525675933026913,0.9506760617025328
"{'text_max_len': 20, 'char_max_len': 100, 'word_char_max_len': 20, 'n_units': 128, 'emb_dim': 128, 'n_layers': 2, 'epochs': 500, 'learning_rate': 0.001, 'model_name': 'HAN', 'loss': 'focal', 'use_features': True}",0.9324324324324325,0.9299242424242424
"{'text_max_len': 20, 'char_max_len': 100, 'word_char_max_len': 20, 'n_units': 128, 'emb_dim': 128, 'n_layers': 2, 'epochs': 500, 'learning_rate': 0.001, 'model_name': 'HAN', 'loss': 'focal', 'use_features': False}",0.8983591285057673,0.8943058465054277
"{'text_max_len': 20, 'char_max_len': 100, 'word_char_max_len': 20, 'n_units': 128, 'emb_dim': 128, 'n_layers': 2, 'epochs': 500, 'learning_rate': 0.001, 'model_name': 'CMSA', 'loss': 'ce', 'use_features': True}",0.9426049094098885,0.9405137662399072
"{'text_max_len': 20, 'char_max_len': 100, 'word_char_max_len': 20, 'n_units': 128, 'emb_dim': 128, 'n_layers': 2, 'epochs': 500, 'learning_rate': 0.001, 'model_name': 'CMSA', 'loss': 'ce', 'use_features': False}",0.9158804994045269,0.9131608284926362
"{'text_max_len': 20, 'char_max_len': 100, 'word_char_max_len': 20, 'n_units': 128, 'emb_dim': 128, 'n_layers': 2, 'epochs': 500, 'learning_rate': 0.001, 'model_name': 'CMSA', 'loss': 'focal', 'use_features': True}",0.9291870667228832,0.9267041635714033
"{'text_max_len': 20, 'char_max_len': 100, 'word_char_max_len': 20, 'n_units': 128, 'emb_dim': 128, 'n_layers': 2, 'epochs': 500, 'learning_rate': 0.001, 'model_name': 'CMSA', 'loss': 'focal', 'use_features': False}",0.9056371238394981,0.9023930657622009
